CREATE TABLE JURUSAN (
   KODE_JURUSAN TEXT PRIMARY KEY NOT NULL,
   NAMA_JURUSAN CHAR(8) NOT NULL
);

INSERT INTO JURUSAN(KODE_JURUSAN,NAMA_JURUSAN)VALUES("0.1", "HUKUM");
INSERT INTO JURUSAN(KODE_JURUSAN,NAMA_JURUSAN)VALUES("0.2", "POLITIK");
INSERT INTO JURUSAN(KODE_JURUSAN,NAMA_JURUSAN)VALUES("0.3", "EKONOMI");

CREATE TABLE MAHASISWA (
   NIM TEXT PRIMARY KEY NOT NULL,
   NAMA TEXT NOT NULL,
   ALAMAT TEXT,
   JURUSAN TEXT
);

INSERT INTO MAHASISWA(NIM,NAMA,ALAMAT,JURUSAN)VALUES("0001", "CHRISTIAN", "MEDAN", "0.1");
INSERT INTO MAHASISWA(NIM,NAMA,ALAMAT,JURUSAN)VALUES("0002", "YUSUF", "BANDUNG", "0.2");
INSERT INTO MAHASISWA(NIM,NAMA,ALAMAT,JURUSAN)VALUES("0003", "TONI", "LAMPUNG", "0.3");



CREATE TABLE MATAKULIAH (
   KODE_MATAKULIAH TEXT PRIMARY KEY NOT NULL,
   NAMA TEXT NOT NULL,
   SKS INT NOT NULL
);

INSERT INTO MATAKULIAH(KODE_MATAKULIAH,NAMA,SKS)VALUES("1.0.1", "CHRISTIAN", 5);
INSERT INTO MATAKULIAH(KODE_MATAKULIAH,NAMA,SKS)VALUES("1.0.2", "YUSUF", 4);
INSERT INTO MATAKULIAH(KODE_MATAKULIAH,NAMA,SKS)VALUES("1.0.3", "TONI", 6);



CREATE TABLE DOSEN (
   NIP_DOSEN TEXT PRIMARY KEY NOT NULL,
   NAME TEXT NOT NULL
);

INSERT INTO DOSEN(NIP_DOSEN,NAME)VALUES("1.1.1", "RUBI HENDJAYA");
INSERT INTO DOSEN(NIP_DOSEN,NAME)VALUES("1.1.2", "HERY SANDJAYA");
INSERT INTO DOSEN(NIP_DOSEN,NAME)VALUES("1.1.3", "ABU MUAZ");



CREATE TABLE KONTRAK (
   ID INTEGER PRIMARY KEY AUTOINCREMENT,
   NIM TEXT NOT NULL,
   KODE_MATAKULIAH TEXT NOT NULL,
   NIP_DOSEN TEXT NOT NULL,
   NILAI TEXT NOT NULL
);

INSERT INTO KONTRAK(NIM,KODE_MATAKULIAH,NIP_DOSEN,NILAI)VALUES("0001", "1.0.1", "1.1.1", "A");
INSERT INTO KONTRAK(NIM,KODE_MATAKULIAH,NIP_DOSEN,NILAI)VALUES("0001", "1.0.2", "1.1.2", "B");
INSERT INTO KONTRAK(NIM,KODE_MATAKULIAH,NIP_DOSEN,NILAI)VALUES("0001", "1.0.3", "1.1.3", "B");

INSERT INTO KONTRAK(NIM,KODE_MATAKULIAH,NIP_DOSEN,NILAI)VALUES("0002", "1.0.1", "1.1.1", "B");
INSERT INTO KONTRAK(NIM,KODE_MATAKULIAH,NIP_DOSEN,NILAI)VALUES("0002", "1.0.2", "1.1.2", "B");
INSERT INTO KONTRAK(NIM,KODE_MATAKULIAH,NIP_DOSEN,NILAI)VALUES("0002", "1.0.3", "1.1.3", "B");

INSERT INTO KONTRAK(NIM,KODE_MATAKULIAH,NIP_DOSEN,NILAI)VALUES("0003", "1.0.1", "1.1.1", "A");
INSERT INTO KONTRAK(NIM,KODE_MATAKULIAH,NIP_DOSEN,NILAI)VALUES("0003", "1.0.2", "1.1.2", "B");
INSERT INTO KONTRAK(NIM,KODE_MATAKULIAH,NIP_DOSEN,NILAI)VALUES("0003", "1.0.3", "1.1.3", "A");





