CREATE TABLE JURUSAN (
   KODE_JURUSAN TEXT PRIMARY KEY NOT NULL,
   NAMA_JURUSAN CHAR(8) NOT NULL
);

INSERT INTO JURUSAN(KODE_JURUSAN,NAMA_JURUSAN)VALUES("0.1", "HUKUM");
INSERT INTO JURUSAN(KODE_JURUSAN,NAMA_JURUSAN)VALUES("0.2", "POLITIK");
INSERT INTO JURUSAN(KODE_JURUSAN,NAMA_JURUSAN)VALUES("0.3", "EKONOMI");

CREATE TABLE MAHASISWA (
   NIM TEXT PRIMARY KEY NOT NULL,
   NAMA TEXT NOT NULL,
   UMUR INT NOT NULL,
   ALAMAT TEXT,
   JURUSAN TEXT
);

INSERT INTO MAHASISWA(NIM,NAMA,UMUR,ALAMAT,JURUSAN)VALUES("00011", "CHRISTIAN WIJAYA", 19, "MEDAN", "0.1");
INSERT INTO MAHASISWA(NIM,NAMA,UMUR,ALAMAT,JURUSAN)VALUES("00012", "RIEKE", 18, "SUMEDANG", "0.1");
INSERT INTO MAHASISWA(NIM,NAMA,UMUR,ALAMAT,JURUSAN)VALUES("00013", "DEALOVA", 18, "JAKARTA", "0.1");

INSERT INTO MAHASISWA(NIM,NAMA,UMUR,ALAMAT,JURUSAN)VALUES("00021", "YUSUF", 18, "BANDUNG", "0.2");
INSERT INTO MAHASISWA(NIM,NAMA,UMUR,ALAMAT,JURUSAN)VALUES("00022", "DIPA BANDIT", 23, "WONOSOBO", "0.2");
INSERT INTO MAHASISWA(NIM,NAMA,UMUR,ALAMAT,JURUSAN)VALUES("00023", "ABDEL TEMON", 22, "JAKARTA", "0.2");

INSERT INTO MAHASISWA(NIM,NAMA,UMUR,ALAMAT,JURUSAN)VALUES("00031", "TONI SUCIPTO", 19, "LAMPUNG", "0.3");
INSERT INTO MAHASISWA(NIM,NAMA,UMUR,ALAMAT,JURUSAN)VALUES("00032", "BOBY RAHARDI", 23, "SURABAYA", "0.3");
INSERT INTO MAHASISWA(NIM,NAMA,UMUR,ALAMAT,JURUSAN)VALUES("00033", "CHARLIE ANGELS", 20, "AMERIKA", "0.3");


CREATE TABLE MATAKULIAH (
   KODE_MATAKULIAH TEXT PRIMARY KEY  NOT NULL,
   NAMA_MATAKULIAH TEXT NOT NULL,
   SKS INT NOT NULL
);

INSERT INTO MATAKULIAH(KODE_MATAKULIAH,NAMA_MATAKULIAH,SKS)VALUES("01.1.1", "DASAR - DASAR HUKUM", 3);
INSERT INTO MATAKULIAH(KODE_MATAKULIAH,NAMA_MATAKULIAH,SKS)VALUES("01.1.2", "HUKUM TINGKAT LANJUTAN", 4);
INSERT INTO MATAKULIAH(KODE_MATAKULIAH,NAMA_MATAKULIAH,SKS)VALUES("01.1.3", "HUKUM DAN MASYARAKAT", 4);


INSERT INTO MATAKULIAH(KODE_MATAKULIAH,NAMA_MATAKULIAH,SKS)VALUES("02.2.1", "DASAR - DASAR POLITIK", 3);
INSERT INTO MATAKULIAH(KODE_MATAKULIAH,NAMA_MATAKULIAH,SKS)VALUES("02.2.2", "POLITIK DAN LEMBAGA NEGARA", 3);
INSERT INTO MATAKULIAH(KODE_MATAKULIAH,NAMA_MATAKULIAH,SKS)VALUES("02.2.3", "POLITIK DAN HUKUM", 3);

INSERT INTO MATAKULIAH(KODE_MATAKULIAH,NAMA_MATAKULIAH,SKS)VALUES("03.3.1", "DASAR - DASAR EKONOMI", 3);
INSERT INTO MATAKULIAH(KODE_MATAKULIAH,NAMA_MATAKULIAH,SKS)VALUES("03.3.2", "BISNIS DAN EKONOMI", 4);
INSERT INTO MATAKULIAH(KODE_MATAKULIAH,NAMA_MATAKULIAH,SKS)VALUES("03.3.3", "DATA MINING", 4);



CREATE TABLE DOSEN (
   NIP_DOSEN TEXT PRIMARY KEY NOT NULL,
   NAMA TEXT NOT NULL
);

INSERT INTO DOSEN(NIP_DOSEN,NAMA)VALUES("1.1.1", "RUBI HENDJAYA");
INSERT INTO DOSEN(NIP_DOSEN,NAMA)VALUES("1.1.2", "HERY SANDJAYA");
INSERT INTO DOSEN(NIP_DOSEN,NAMA)VALUES("1.1.3", "ABU MUAZ");
INSERT INTO DOSEN(NIP_DOSEN,NAMA)VALUES("2.1.1", "SONY DRAJAT");
INSERT INTO DOSEN(NIP_DOSEN,NAMA)VALUES("2.1.2", "TEGUH JUWANO");
INSERT INTO DOSEN(NIP_DOSEN,NAMA)VALUES("2.1.3", "RONALD SETIADI");
INSERT INTO DOSEN(NIP_DOSEN,NAMA)VALUES("3.1.1", "AJENG KAMARATIH");
INSERT INTO DOSEN(NIP_DOSEN,NAMA)VALUES("3.1.2", "TEDY RAHMADY");
INSERT INTO DOSEN(NIP_DOSEN,NAMA)VALUES("3.1.3", "SLAMET RAHARDJO");



CREATE TABLE KONTRAK (
   ID INTEGER PRIMARY KEY AUTOINCREMENT,
   NIM TEXT NOT NULL,
   KODE_MATAKULIAH TEXT NOT NULL,
   NIP_DOSEN TEXT NOT NULL,
   NILAI TEXT NOT NULL
);

INSERT INTO KONTRAK(NIM,KODE_MATAKULIAH,NIP_DOSEN,NILAI)VALUES("00011", "01.1.1", "1.1.1", "A");
INSERT INTO KONTRAK(NIM,KODE_MATAKULIAH,NIP_DOSEN,NILAI)VALUES("00011", "01.1.2", "1.1.2", "B");
INSERT INTO KONTRAK(NIM,KODE_MATAKULIAH,NIP_DOSEN,NILAI)VALUES("00011", "01.1.3", "1.1.3", "B");

INSERT INTO KONTRAK(NIM,KODE_MATAKULIAH,NIP_DOSEN,NILAI)VALUES("00012", "01.1.1", "1.1.1", "A");
INSERT INTO KONTRAK(NIM,KODE_MATAKULIAH,NIP_DOSEN,NILAI)VALUES("00012", "01.1.2", "1.1.2", "B");
INSERT INTO KONTRAK(NIM,KODE_MATAKULIAH,NIP_DOSEN,NILAI)VALUES("00012", "01.1.3", "1.1.3", "B");

INSERT INTO KONTRAK(NIM,KODE_MATAKULIAH,NIP_DOSEN,NILAI)VALUES("00013", "01.1.1", "1.1.1", "A");
INSERT INTO KONTRAK(NIM,KODE_MATAKULIAH,NIP_DOSEN,NILAI)VALUES("00013", "01.1.2", "1.1.2", "B");
INSERT INTO KONTRAK(NIM,KODE_MATAKULIAH,NIP_DOSEN,NILAI)VALUES("00013", "01.1.3", "1.1.3", "B");

INSERT INTO KONTRAK(NIM,KODE_MATAKULIAH,NIP_DOSEN,NILAI)VALUES("00021", "02.2.1", "2.1.1", "B");
INSERT INTO KONTRAK(NIM,KODE_MATAKULIAH,NIP_DOSEN,NILAI)VALUES("00021", "02.2.2", "2.1.2", "B");
INSERT INTO KONTRAK(NIM,KODE_MATAKULIAH,NIP_DOSEN,NILAI)VALUES("00021", "02.2.3", "2.1.3", "B");

INSERT INTO KONTRAK(NIM,KODE_MATAKULIAH,NIP_DOSEN,NILAI)VALUES("00022", "02.2.1", "2.1.1", "C");
INSERT INTO KONTRAK(NIM,KODE_MATAKULIAH,NIP_DOSEN,NILAI)VALUES("00022", "02.2.2", "2.1.2", "D");
INSERT INTO KONTRAK(NIM,KODE_MATAKULIAH,NIP_DOSEN,NILAI)VALUES("00022", "02.2.3", "2.1.3", "E");

INSERT INTO KONTRAK(NIM,KODE_MATAKULIAH,NIP_DOSEN,NILAI)VALUES("00023", "02.2.1", "2.1.1", "B");
INSERT INTO KONTRAK(NIM,KODE_MATAKULIAH,NIP_DOSEN,NILAI)VALUES("00023", "02.2.2", "2.1.2", "B");
INSERT INTO KONTRAK(NIM,KODE_MATAKULIAH,NIP_DOSEN,NILAI)VALUES("00023", "02.2.3", "2.1.3", "B");

INSERT INTO KONTRAK(NIM,KODE_MATAKULIAH,NIP_DOSEN,NILAI)VALUES("00031", "03.3.1", "3.1.1", "C");
INSERT INTO KONTRAK(NIM,KODE_MATAKULIAH,NIP_DOSEN,NILAI)VALUES("00031", "03.3.2", "3.1.2", "D");
INSERT INTO KONTRAK(NIM,KODE_MATAKULIAH,NIP_DOSEN,NILAI)VALUES("00031", "03.3.3", "3.1.3", "E");

INSERT INTO KONTRAK(NIM,KODE_MATAKULIAH,NIP_DOSEN,NILAI)VALUES("00032", "03.3.1", "3.1.1", "B");
INSERT INTO KONTRAK(NIM,KODE_MATAKULIAH,NIP_DOSEN,NILAI)VALUES("00032", "03.3.2", "3.1.2", "B");
INSERT INTO KONTRAK(NIM,KODE_MATAKULIAH,NIP_DOSEN,NILAI)VALUES("00032", "03.3.3", "3.1.3", "B");

INSERT INTO KONTRAK(NIM,KODE_MATAKULIAH,NIP_DOSEN,NILAI)VALUES("00033", "03.3.1", "3.1.1", "A");
INSERT INTO KONTRAK(NIM,KODE_MATAKULIAH,NIP_DOSEN,NILAI)VALUES("00033", "03.3.2", "3.1.2", "A");
INSERT INTO KONTRAK(NIM,KODE_MATAKULIAH,NIP_DOSEN,NILAI)VALUES("00033", "03.3.3", "3.1.3", "A");












